id,age,income,category,status
0,39.96714153011233,89264.16839675672,A,Active
1,33.61735698828815,55527.50057749179,A,Active
2,41.47688538100692,23379.862874226546,A,Inactive
3,50.23029856408026,11534.10090124669,A,Active
4,32.658466252766644,44277.11865205655,C,Active
5,32.6586304305082,32646.253650865234,C,Active
6,50.79212815507391,53916.5748106827,A,Active
7,42.67434729152909,41571.57010507569,C,Active
8,30.305256140650478,62915.807034331876,B,Active
9,40.42560043585965,12897.190661307493,A,Active
10,30.365823071875376,82239.75204227798,A,Active
11,30.34270246429743,26838.685237409016,B,Active
12,37.41962271566034,175476.58121702424,B,Active
13,15.86719755342202,11056.924717212596,B,Inactive
14,17.750821674869673,124986.84905193972,A,Active
15,29.377124707590273,26847.0381660359,A,Active
16,24.87168879665576,11482.529627019405,A,Active
17,38.142473325952736,13576.751575016262,A,Active
18,25.91975924478789,15988.942871728994,A,Active
19,20.876962986647086,33663.38228151937,A,Active
20,49.65648768921554,37154.32591944398,C,Active
21,32.74223699513465,12410.522693684235,C,Inactive
22,35.67528204687924,21496.499947823304,A,Active
23,20.752518137865433,187638.09474491206,C,Active
24,29.556172754748175,123938.79947149131,A,Inactive
25,36.10922589709866,34075.150377031154,A,Inactive
26,23.490064225776973,22879.657550154563,A,Inactive
27,38.75698018345672,24835.54883912049,B,Active
28,28.99361310081195,40681.062679942916,C,Active
29,32.083062502067236,7920.482738656838,B,Active
30,28.98293387770603,17028.155562194574,A,Active
31,53.522781845089376,4152.292731619656,B,Active
32,34.86502775262066,32834.107687514894,A,Active
33,24.422890710440996,42074.449689683956,C,Inactive
34,43.225449121031886,13586.250092702103,B,Active
35,22.791563500289776,106296.40701017113,A,Inactive
36,37.08863595004755,6465.491654737242,B,Active
37,15.403298761202244,5093.014224287955,B,Active
38,21.718139511015693,27569.12644576607,A,Active
39,36.96861235869123,62761.575029986234,B,Active
40,42.38466579995411,118649.33907316414,A,Active
41,36.7136828118997,13920.470549090673,B,Active
42,33.843517176117594,64775.37750986387,C,Inactive
43,31.988963044107113,21194.38422451781,C,Active
44,20.214780096325725,18534.195310700175,B,Active
45,27.801557916052914,53298.31187356876,B,Active
46,30.393612290402125,42290.71673474737,A,Active
47,45.57122226218915,4553.301453550608,B,Active
48,38.43618289568462,96426.88673263337,A,Active
49,17.36959844637266,87561.03343393122,A,Active
50,38.24083969394795,11783.285208340603,A,Active
51,31.149177195836835,32722.020284190417,A,Active
52,28.230779996940413,36099.351720640705,B,Active
53,41.11676288840868,28586.040001985606,A,Active
54,45.30999522495951,12704.287909792383,B,Active
55,44.31280119116199,11252.849135550685,A,Active
56,26.607824767773614,21470.730811211735,A,Active
57,31.907876241487855,71163.05122686182,B,Active
58,38.31263431403564,37933.88877957801,A,Inactive
59,44.75545127122359,15205.092261215845,A,Active
60,30.2082576215471,47652.89728269849,B,Inactive
61,33.14341023336183,1275.9641646367936,A,Inactive
62,23.936650259939718,69478.01845984231,C,Active
63,23.037933759193294,3867.2008170338004,A,Active
64,43.125258223941984,15329.878690066325,A,Active
65,48.56240028570823,7189.163525657402,B,Active
66,34.27989878419666,6034.9239036407,A,Active
67,45.03532897892024,70321.07274115084,A,Active
68,38.61636025047634,13798.274108023836,A,Active
69,28.548802453948756,31147.955303706076,A,Inactive
70,38.61395605508414,21016.84254318888,C,Active
71,50.38036566465969,35491.22732158696,A,Active
72,34.64173960890049,23785.27310554921,B,Active
73,50.64643655814006,6105.881560115123,C,Active
74,8.802548959102555,59651.037437113766,A,Active
75,43.21902504375224,13443.398098621452,C,Inactive
76,35.870470682381715,4644.402924056633,A,Active
77,32.009926495341325,14355.448550212712,C,Active
78,35.91760776535502,98790.8028296603,A,Active
79,15.124310853991073,51545.57991456336,B,Inactive
80,32.80328112162488,15542.723494187481,A,Active
81,38.57112571511746,15533.314137810181,A,Active
82,49.77894044741516,15968.366473499857,B,Active
83,29.817297817263526,175737.72848924456,B,Active
84,26.915063971068122,32271.36076376717,A,Active
85,29.982429564154636,33861.76047808808,A,Active
86,44.15402117702074,61715.07170384973,B,Active
87,38.287511096596845,27967.241534101388,B,Active
88,29.702397962329613,16999.816930381756,C,Inactive
89,40.13267433113356,18099.691101901884,B,Active
90,35.9707754934804,20504.481286650236,C,Active
91,44.68644990532889,21221.66268019251,B,Active
92,27.979469061226474,45598.474620446825,A,Active
93,31.723378534022316,23200.8892301884,A,Inactive
94,31.078918468678424,45827.5206508871,B,Active
95,20.364850518678814,20318.425630796937,B,Active
96,37.96120277064576,23828.442050851034,A,Active
97,37.610552721798896,2986.326499232064,A,Active
98,35.05113456642461,55068.19882445488,C,Active
99,32.65412866624853,31147.475447213295,B,Active
100,20.84629257949586,59755.11721305337,A,Active
101,30.79354677234641,1216.5139406622716,A,Inactive
102,31.572854834732304,177792.9064049088,A,Active
103,26.97722730778381,19156.749213134764,A,Active
104,33.387142883339905,66714.8480608298,A,Inactive
105,39.040508568145384,7786.089887584734,A,Active
106,53.8618590121053,40650.8044749811,B,Active
107,36.74577812831839,7681.609978786409,A,Active
108,37.57550390722764,11804.440335673988,C,Active
109,34.25554084233833,149347.54025899066,C,Active
110,15.812287847009586,18202.56139654969,A,Active
111,34.73486124550783,27376.297771678586,B,Inactive
112,35.60230209941027,52578.771346204114,A,Active
113,59.63242112485286,36159.02634965693,C,Active
114,33.076390352188774,25601.824696730175,A,Active
115,38.015473423336125,31728.19518194889,B,Active
116,34.65288230294757,243632.3450215919,B,Active
117,23.313219623804677,20793.19820772869,A,Active
118,46.42822814515021,26932.770186757578,A,Inactive
119,42.519330326867745,62985.15835842192,B,Active
120,42.910319470430466,66537.82972586599,B,Active
121,25.90612545205261,72188.08658805584,A,Active
122,49.02794310936099,41719.762735466626,B,Active
123,20.981489372077192,7023.346460934601,A,Active
124,40.868570938002705,112806.75853042812,B,Active
125,56.90455625809979,6999.924253016863,A,Active
126,25.094636748693116,29811.081483697,C,Active
127,29.33702270397228,10360.172331405152,A,Active
128,35.99651365087641,20658.076865264582,A,Active
129,29.965243458838007,30600.21794508422,A,Active
130,19.493365689338674,30374.45431217721,A,Inactive
131,35.68562974806027,33587.886302522755,B,Active
132,24.37696286273895,110603.97072057932,A,Active
133,39.73592430635182,34666.68095136703,C,Active
134,25.80575765766197,17254.760660613327,A,Active
135,50.499344050175395,57762.04443530334,A,Active
136,27.167467076637628,72364.45385276366,A,Active
137,31.779384837943244,6453.592199152752,A,Active
138,43.135172173696695,40030.62518794747,A,Inactive
139,22.69135683566045,44407.90363212011,A,Active
140,37.27459934604129,16357.413467354569,A,Active
141,48.07142754282428,87177.95892382045,A,Active
142,18.925167654387725,18957.30099264813,B,Inactive
143,36.84633858532304,24973.647639236347,B,Active
144,37.598827942484235,18525.958240630433,A,Active
145,42.8182287177731,22372.30407423628,A,Active
146,22.63049289121918,7359.335432175834,C,Active
147,21.795433869157236,5218.4156391706965,B,Active
148,40.21941565616898,108499.95782196998,B,Inactive
149,37.96984673233186,9443.091091570226,A,Active
150,37.504928503458764,8173.133490924429,B,Inactive
151,38.46448209496975,2557.0509132026045,B,Active
152,28.199752784215093,11626.453469919554,B,Active
153,37.322536971610035,5865.894161040079,C,Active
154,37.93072473298681,113779.2174047057,A,Active
155,27.85648581973632,60464.826170827706,A,Inactive
156,53.65774511144757,11068.401929714091,B,Inactive
157,39.73832920911788,209490.94707209917,C,Inactive
158,23.086965027973513,58792.259672072985,A,Active
159,41.5655360863383,15917.407751990955,A,Active
160,25.253183297726785,1809.1172265116995,A,Active
161,42.87084603742452,217715.092655782,A,Inactive
162,46.58595579007404,5488.594732925974,B,Active
163,26.793176816482895,4249.68972360635,B,Active
164,44.63376129244322,61240.893022767494,A,Active
165,39.12780926936498,252647.97770128935,A,Active
166,43.2206015999449,87927.93332965516,A,Inactive
167,53.967929826539475,38712.163038997525,A,Active
168,32.54611883997129,39924.85501590252,B,Active
169,27.462638356425103,51710.47022133693,C,Active
170,26.104855703744768,47048.23305976001,C,Active
171,26.841897150345616,29178.616956003112,A,Active
172,34.228982905858956,24445.492056869316,C,Active
173,38.41151974816644,20690.022787169353,B,Inactive
174,37.766907993300194,10363.397552503986,B,Inactive
175,43.27183249036024,16636.010352093977,A,Active
176,35.13001891877907,4052.313314519488,A,Active
177,49.53534077157317,19963.489778900814,A,Inactive
178,32.35343166762044,8196.060515309846,A,Active
179,62.20169166589619,7305.703933483305,A,Active
180,41.25667347765006,26367.676161927397,A,Active
181,26.428424435837172,88610.20285539329,A,Active
182,24.291075019388877,55177.834681674256,B,Active
183,39.824724152431855,4580.206650912086,A,Inactive
184,32.76537214674149,8187.56536505382,A,Active
185,42.14000494092092,56430.84515985138,C,Active
186,39.73237624573545,8246.239905974486,C,Active
187,34.271710873431275,17594.943700441127,B,Active
188,26.53206281931595,38179.42737091117,C,Active
189,19.851527753141355,8363.694590668809,B,Active
190,30.53485047932979,24474.217760839638,C,Active
191,43.56398794323472,5802.095968197062,A,Active
192,37.14093744130204,12071.859429634926,A,Inactive
193,22.54261221288012,30326.643669559227,A,Inactive
194,36.73180925851182,4478.333485985609,A,Active
195,38.85317379728837,34216.8926404874,A,Active
196,26.16142563798867,21598.134000468395,B,Active
197,36.53725105945528,38272.61683888395,B,Active
198,35.58208718446,27554.30693839365,B,Active
199,23.57029702169377,86175.43420148181,A,Active
200,38.577873603482836,24964.859689934256,C,Active
201,40.60784526368234,14336.936510578094,B,Inactive
202,45.830512431752766,24891.894392010352,A,Inactive
203,45.53802052034903,37922.4297133872,B,Inactive
204,21.22330632042909,23129.405915897594,A,Active
205,25.621749600848773,22938.95167789482,A,Active
206,40.1503526720866,10916.25576886088,C,Active
207,40.13785950912209,11351.430865958622,A,Active
208,40.150476863060476,5417.527059341279,A,Active
209,73.52731490654722,126699.92105043026,C,Active
210,40.70890510693167,6349.534388855769,B,Active
211,46.35565640180599,11015.898232410425,A,Inactive
212,44.54001763493203,10738.52191651108,A,Active
213,41.51391251305798,53902.08166074898,A,Active
214,31.847307553596544,16400.22481103003,B,Active
215,42.589692204932675,76706.5263215634,A,Active
216,27.27174785462428,11231.856787190758,A,Active
217,32.63181393259991,29114.57428220184,C,Active
218,30.146364521708964,9553.405308667989,B,Active
219,35.81874139386323,188179.03975992298,A,Active
220,58.146585666735085,6717.031406774658,B,Active
221,16.32734807408252,30026.052793404357,B,Active
222,41.86260190374514,41513.62148559361,A,Active
223,18.872841288103483,33316.20177550906,A,Inactive
224,30.280681342105666,18301.024870655143,C,Active
225,45.889505969673664,19344.80719189864,A,Active
226,35.64280019095463,23012.92910514996,B,Active
227,24.222552220706937,19015.277202864552,A,Inactive
228,27.846962907400318,57750.02820573464,A,Inactive
229,41.79597748934676,200892.0547204904,A,Active
230,27.696333682828634,12613.314167318036,A,Active
231,37.16458589581975,5598.181100163553,A,Inactive
232,35.45571839903814,20165.2872391876,A,Active
233,28.48399652394183,290601.83297574194,C,Active
234,56.439440893253256,9860.82812128934,C,Active
235,41.33919022318011,113449.92231355993,B,Inactive
236,14.74857413342393,117912.81967517377,C,Inactive
237,36.86454314769428,12662.647009123637,A,Active
238,28.38213535231612,38909.086139603605,C,Active
239,43.52433334796224,112240.21419365476,A,Active
240,27.074792615672994,15076.194551389146,C,Active
241,33.85263558533101,17969.293076262256,C,Inactive
242,40.049872789804574,12311.869623168193,B,Active
243,43.657551941701215,7984.386844677108,C,Active
244,22.997035929442237,11507.133828460148,B,Active
245,31.654987641590516,6477.3045171913545,A,Active
246,30.25054688839044,22790.144626243215,A,Active
247,28.46670767426288,10198.814519519477,B,Active
248,52.65454240281097,27827.66397189432,A,Active
249,39.049817109609556,4647.591250843912,B,Active
250,22.391160456649548,30665.092429183172,C,Active
251,44.17861947054776,50692.28262931803,A,Active
252,56.22156197012633,2999.6903853128706,B,Active
253,45.32465260551147,32018.097533685333,C,Inactive
254,19.806300340459867,75182.14080767817,C,Inactive
255,30.157659271337486,6570.590471316396,C,Inactive
256,47.669111491866225,117309.6603103753,B,Active
257,27.923305343812192,33490.56409617101,C,Inactive
258,39.43819428146229,10883.33657879958,B,Active
259,42.74634053429337,20831.69538284902,A,Active
260,25.73069528421917,38496.665745853345,A,Active
261,34.404746439382,23765.86036476117,B,Active
262,2.5873265993092716,37750.57523016982,A,Active
263,24.756123586657104,8772.055240816342,B,Active
264,32.4743184860684,26091.394440932618,B,Active
265,22.522168180351507,5357.6755989437725,A,Active
266,51.32411303931635,19707.882047725554,B,Active
267,20.698586220393672,8920.36691355958,B,Active
268,30.59955513303016,10556.214920099634,A,Active
269,36.30740577286091,75818.16412737008,A,Inactive
270,49.412732890661154,65598.63196969773,A,Inactive
271,20.641378488205607,40503.27527883868,A,Active
272,46.63163752154959,7388.553337653827,C,Active
273,35.10233061019587,16052.045249341792,A,Active
274,25.18491348952049,74094.58265033705,B,Inactive
275,39.62103474263271,25380.00437478969,A,Active
276,36.9905969557347,223983.91942559797,A,Active
277,28.997831228412053,32640.78435894914,C,Active
278,35.69802084990019,26690.13008981813,B,Active
279,31.1468640313824,16169.52433776627,A,Active
280,36.13517345251248,25173.343217166574,A,Inactive
281,41.62130674521047,18911.58854391456,A,Active
282,50.86016816145352,44716.98458106947,A,Active
283,22.62184501173151,57337.05150147359,B,Inactive
284,56.330333746562665,10036.769108278368,A,Inactive
285,15.479122004774982,5818.321205444375,A,Active
286,33.482149049644164,3511.4861341589954,A,Active
287,40.883172064845766,36606.87440085685,C,Active
288,37.809918677350325,7307.3311756138,C,Inactive
289,28.773004801794063,2558.3285320119244,A,Active
290,32.918777496427246,32486.45799903073,B,Inactive
291,30.069990653411672,266465.35587813315,A,Active
292,29.106352430557884,21893.150152621405,A,Active
293,43.496020970210246,50944.43329317574,B,Active
294,38.57015485965047,23904.675790333942,C,Active
295,28.07090404739346,19952.51235177242,C,Active
296,43.995998754332504,55219.77898259243,B,Active
297,38.072995208766095,16477.077569843877,A,Active
298,43.1286211883896,28778.74330932484,B,Inactive
299,41.29628841923612,30384.801332172443,A,Active
300,26.710049890779278,11292.674796020163,B,Active
301,29.398189598030307,59399.57494615648,A,Active
302,42.472936051232615,18491.01547877831,B,Active
303,41.10370265433465,10344.961209710835,A,Active
304,34.79098406035852,37665.87697610348,A,Active
305,36.17327383308782,8969.02288973302,C,Inactive
306,47.77664895788425,22656.0263008147,A,Active
307,29.084286111641703,21826.519567190007,B,Active
308,40.470973811700375,65244.404442132276,A,Active
309,32.97807347566106,35408.18308069297,A,Active
310,32.8231879677278,21482.051279676027,A,Active
311,45.9877685198719,49899.50187377405,A,Inactive
312,43.2541634898803,88451.31344178076,C,Inactive
313,43.135096360006386,38476.78326695781,A,Active
314,48.05478807154329,22255.681867891322,C,Active
315,35.21003841632759,5932.2791925434085,B,Active
316,41.81952971294964,7592.2732913706395,A,Active
317,31.89733243406544,16232.574852494203,B,Active
318,38.24166352488442,11973.938769376344,B,Active
319,33.698569456323156,18270.238381983658,B,Active
320,35.96995964992718,23310.28421746956,A,Active
321,40.95157025436914,37409.97856462004,A,Active
322,26.817793167665275,20527.099560783943,C,Active
323,55.92387275685461,35828.59669276114,C,Active
324,24.93982618500298,23493.39072451963,C,Active
325,22.85811387212268,3054.995607036681,A,Inactive
326,46.581108735000676,8609.870926386511,B,Active
327,42.91662693962936,19070.77703602268,A,Active
328,41.24119817052155,6570.237481411084,A,Active
329,41.2834550926428,40131.97712278804,A,Inactive
330,34.87753227153085,101798.51874393177,B,Active
331,26.027456285141685,74515.45642920211,A,Active
332,35.75804558193726,17792.941791415873,A,Active
333,28.228382884878883,97804.52636962611,C,Active
334,44.75119733417751,25557.0236783456,A,Inactive
335,33.52942618497861,15723.53681457967,A,Active
336,26.745028032074885,11927.445122519328,A,Inactive
337,31.786141583470066,16277.357546468249,C,Inactive
338,39.12931454275624,14940.384303155772,B,Inactive
339,29.36275447196025,26118.94579156596,A,Active
340,26.777796044335687,25863.137751148883,C,Active
341,37.436872114919126,22093.661140760654,C,Active
342,37.44966571108723,34096.095994284646,A,Active
343,29.9305682462887,72449.58899503369,B,Active
344,30.28961694381677,56928.657236174025,B,Active
345,37.32049937357636,4989.555125426795,B,Active
346,20.519156585026757,1713.132534410547,A,Active
347,20.925362256234447,56067.96593625165,C,Inactive
348,27.81555778747564,5614.575715254442,B,Active
349,32.86552848288153,17592.616889648692,A,Inactive
350,38.10907565598005,6835.514180728329,A,Active
351,49.753562169495524,3633.7467679512124,A,Inactive
352,43.576596232020194,37852.894475156354,A,Active
353,33.40061470036573,47058.89400987862,B,Active
354,34.80983792097311,12375.693165887878,A,Inactive
355,24.97470635362191,1650.7049331269538,A,Active
356,34.8148686400761,12755.981167279622,B,Inactive
357,32.11341361079862,32591.409012535012,A,Active
358,38.227185603380896,5019.514180580822,C,Active
359,26.72769056447677,26459.218968163383,A,Active
360,40.193465142411725,21691.81221026329,A,Active
361,50.32738913002578,39312.25178788146,A,Active
362,33.91239851543143,24824.3515670756,A,Active
363,39.01711722098941,8324.273627736617,A,Active
364,41.90143991711113,72880.14355411129,B,Active
365,30.987795281141636,18797.335818104657,C,Inactive
366,37.24092481810417,21433.179848335418,A,Inactive
367,35.12592400781795,8662.269558290818,B,Active
368,35.97676098548832,14139.36101875917,B,Active
369,27.269902161445337,9092.428252383532,C,Active
370,35.245101742589426,18528.28829243591,A,Active
371,39.979982912454496,121991.7233648493,A,Inactive
372,49.51143607795042,5586.44751553295,A,Inactive
373,44.59270826085207,4387.165397216357,B,Active
374,56.531824575115564,95910.46005946863,C,Active
375,27.326524371119504,17866.385527183265,A,Active
376,43.723206367206785,11281.587617044057,A,Inactive
377,36.83342005738352,62311.712418090145,C,Active
378,56.89802933217672,12020.688190830757,C,Active
379,26.917017146448487,136763.67476235607,C,Active
380,26.60278157819224,43387.46577461836,B,Active
381,29.00607354555978,13522.207215469785,A,Active
382,13.76104275690193,190481.09185444383,B,Inactive
383,29.74244978319239,12019.493594935479,B,Active
384,27.40867338446302,46262.88838988572,A,Active
385,36.50393786476208,29711.592853727325,B,Active
386,38.41755975777159,80962.49400129636,B,Active
387,53.761708392158866,104978.5367906178,A,Active
388,44.5042383818605,22742.805874343885,B,Active
389,29.23096344337597,10369.064962979139,B,Active
390,26.01585328651642,34890.579484389236,C,Active
391,39.919191715065054,11184.505145427362,A,Active
392,21.797667929793576,164948.27972395977,A,Active
393,53.31458765854354,25248.835910410155,B,Inactive
394,46.79440120721287,15285.782831583729,A,Active
395,30.308243478952953,26494.178427641695,B,Active
396,17.868654709091224,5726.579642611511,B,Active
397,48.538723741654124,8336.393447613125,A,Active
398,33.85460154747382,73160.71736947985,B,Active
399,47.378163119734616,11419.819997307059,B,Active
400,19.05572341205633,7731.738484908071,A,Active
401,29.006249770462272,37671.260151935094,C,Active
402,35.05243699718183,72092.41774193059,C,Active
403,35.46980593764742,45204.56293728103,B,Inactive
404,30.499345285207564,59637.96732017492,B,Inactive
405,41.228499323474985,10334.105434034795,A,Active
406,24.323795706174057,5314.474066815349,C,Active
407,33.576205149787064,98847.51132014066,B,Inactive
408,36.20295631711899,15951.691634170535,B,Inactive
409,40.14438834058749,17139.94500456737,C,Active
410,42.1161487808889,83132.76123573529,A,Active
411,23.753579081621307,38416.02654314579,C,Active
412,19.658858292643778,34748.36404634104,A,Active
413,47.77676821898509,191952.3311455824,A,Active
414,38.323140119795916,11573.598244336816,A,Active
415,27.515134634434464,55705.832215956034,C,Active
416,50.51151975522523,23318.752050362193,C,Active
417,36.156746342928585,28813.29751580477,B,Active
418,46.792971840638266,101566.43815277526,B,Active
419,35.67518481410109,36601.179889563944,B,Active
420,55.60747924881987,37733.217226782115,C,Active
421,52.55340842443204,64376.71879320003,A,Active
422,32.51035851520926,15291.421600838143,A,Inactive
423,44.71570950954356,9516.575366535708,A,Active
424,41.45375949585147,7748.006054693086,B,Active
425,48.68631557532349,3082.95370212842,B,Active
426,25.350765394198955,172164.7472026666,A,Active
427,41.86051459998439,7308.4875824960955,A,Inactive
428,45.58424486849588,17654.50686834058,C,Active
429,17.412605135768857,16700.379122797425,A,Active
430,23.16741487334225,29953.656946493462,B,Active
431,14.607678222398995,49798.35411362113,C,Active
432,32.305931655554424,52076.73007639536,A,Inactive
433,42.17542255795962,12294.687794333517,A,Inactive
434,50.02357052096028,18636.518335436605,B,Active
435,35.74094780419775,29219.160380728274,C,Active
436,51.286155455712915,17176.696230523103,B,Inactive
437,21.198985417851084,109902.13599630515,C,Inactive
438,17.966175606448452,35989.22804311966,A,Active
439,34.44452301103381,45930.184121336984,B,Active
440,38.840654489393074,42739.60422063976,B,Active
441,34.67305251905907,71216.07593265404,C,Inactive
442,14.325578999601234,26397.42004270172,A,Active
443,34.10879960487212,6021.9599116943355,C,Active
444,21.95530499495147,32849.37348551473,B,Active
445,41.69672548830039,11483.231343808806,A,Active
446,38.66598246096848,12982.834206720341,A,Active
447,25.60120213672645,39591.27397344542,C,Active
448,29.861330826633065,75984.37996993936,A,Active
449,24.407864781110483,22500.02224224088,A,Active
450,34.37320902726828,29996.41077336639,A,Active
451,44.551423205012384,120839.07063940236,C,Active
452,25.142739536644562,28022.22374416046,B,Active
453,40.040465155178445,297058.12751696794,B,Inactive
454,29.69742381627559,38774.17245675923,A,Active
455,27.071271677376558,3786.6509037041515,B,Active
456,33.929696400454425,46786.10897645576,B,Active
457,24.647576775806257,32246.293483760837,C,Active
458,29.463506946528177,79997.66726814899,C,Active
459,23.021221074111516,43182.10063724074,A,Active
460,54.64725132916389,19178.478464515683,B,Active
461,35.35263551971729,6474.986254514838,A,Active
462,28.002744920074143,17871.753750646516,B,Active
463,37.13979910734222,9409.541868470655,A,Active
464,33.8767195030917,12326.128421233481,A,Active
465,32.79030400466777,39679.04146268275,A,Active
466,41.14166700043425,116997.10903258421,B,Active
467,42.57507710047305,32684.99979657349,A,Active
468,29.694988523894725,6661.613077021457,B,Inactive
469,29.2418175935532,34358.42951320224,A,Inactive
470,32.24948302848356,72884.51539927053,A,Active
471,11.98078835264415,11970.697836970068,B,Active
472,19.84808937801448,19263.797444314776,A,Active
473,48.66874267444525,22352.382518244878,A,Active
474,51.449677135012834,10047.726680129288,B,Active
475,32.50963960443622,42120.1039352695,A,Inactive
476,40.765569630557664,19517.20867221528,A,Active
477,38.112501545435364,33507.76372363855,A,Inactive
478,65.78880808455239,9068.007350256094,C,Active
479,46.195749114345766,14221.948221107785,B,Active
480,33.72082408519233,45359.79222564547,B,Active
481,25.444595593995743,15171.392299219538,B,Active
482,18.935536797424277,123867.02018012259,A,Active
483,37.03463635867223,14770.154182766539,A,Active
484,27.436492547156966,27575.548241402215,B,Active
485,20.77746290402326,55971.10373859357,A,Inactive
486,28.534271157574736,5332.813649391026,A,Active
487,24.18451996385605,3786.476521748321,A,Inactive
488,51.871416350725646,4790.27780422504,A,Inactive
489,43.816397569494505,77853.49758051401,C,Active
490,34.92027358683383,12684.573563778862,A,Active
491,49.79944138890026,284417.72116258513,B,Active
492,35.77368307647618,12528.388162440686,A,Inactive
493,26.387157986717362,26490.760828385894,C,Active
494,50.23124077269657,102961.45280651812,A,Active
495,40.38910043684659,163749.46530171414,A,Active
496,24.627538456735437,173079.02769079557,B,Active
497,33.09661321916392,73744.83446475035,B,Active
498,26.24381746615243,61332.338385228344,A,Active
499,21.17200269035664,39836.02566035383,A,Active
500,44.26177547531641,47971.43824229558,A,Inactive
501,54.094166404701305,12693.10591442969,A,Active
502,21.01432426180859,9718.641424831214,A,Inactive
503,40.62969236690571,21952.26369040027,A,Active
504,28.49357430878173,18579.52370979741,A,Inactive
505,30.12874616235304,13999.43080062591,A,Active
506,29.07606075761131,44195.9063586596,B,Active
507,26.36009230320184,57257.00136764787,C,Active
508,35.48521627944827,24062.42769859347,B,Inactive
509,26.69049883588962,96522.37068736216,A,Active
510,37.704568257798385,7032.593852872463,A,Inactive
511,34.49761890550863,18148.451889672266,C,Inactive
512,32.6105195313359,10755.555377752733,A,Active
513,25.924363379584022,3406.5774398677822,A,Active
514,29.232286694316674,20278.55726017165,B,Active
515,42.55391225825756,19501.613634525977,B,Active
516,40.009171876243805,100052.44157297764,B,Inactive
517,25.22444755201449,41390.70776726996,A,Active
518,35.99332305429226,7909.447228246428,A,Active
519,42.51387123371789,140658.82640427264,C,Inactive
520,18.305947188786284,74684.93635204814,A,Active
521,40.43360192379935,39422.72491344997,B,Inactive
522,28.373762410541534,17562.406481237274,B,Active
523,40.70598668593159,8438.507734732488,B,Active
524,27.36740843457483,15180.898272402635,A,Active
525,16.95117899335481,65430.81603760618,A,Active
526,18.724575621168373,145014.10694330782,B,Active
527,35.48084946661382,103078.23358532201,C,Active
528,37.59722501721482,13509.529147680894,C,Active
529,25.956833748955916,7189.540688681971,A,Active
530,41.38592458777374,25358.93080335037,A,Active
531,18.3847993773104,3757.6935643691245,C,Active
532,34.33920201352684,30429.49703562597,B,Active
533,22.889838002375434,19003.86034761456,C,Active
534,28.48163892197841,13821.263216924188,A,Active
535,35.47398671316414,4470.685058200961,B,Active
536,26.395866347160478,36812.77116834443,B,Active
537,31.154444557701748,12929.91839349588,B,Active
538,45.0629280921444,6836.855374201841,A,Active
539,29.231081304768512,1246.054934075147,A,Active
540,43.35692112065142,21428.671520082687,B,Inactive
541,23.70293145342382,129605.64209932846,A,Active
542,40.298041779152825,115989.99478879542,A,Active
543,49.415686206579004,13945.382702796871,C,Active
544,10.283554998727105,12061.670056069059,A,Active
545,27.031047445295233,35199.04589893777,C,Inactive
546,40.7707212718054,8116.177416611624,A,Active
547,32.96954613957007,29785.944490077374,B,Active
548,38.71145873371309,47385.91342482729,C,Active
549,28.960148132841795,75126.84449515873,A,Active
550,35.865897874729,19927.29987346599,A,Active
551,33.44322764607921,17967.615001000268,A,Active
552,46.67782061659807,9154.651715039445,A,Active
553,37.54420843301213,9634.634504283538,B,Active
554,38.37602662075202,17562.49792801802,C,Active
555,30.881230338775325,31804.577559358102,A,Active
556,30.123937759275066,54917.3510718999,A,Active
557,30.67441812180379,9865.716529483667,A,Active
558,38.944521423782966,97996.64956534153,B,Inactive
559,30.79015519179737,16795.67008198791,A,Active
560,37.89774856896413,21560.812409659215,B,Inactive
561,55.75400798645439,10433.617468085862,B,Active
562,43.711247034316926,1950.3414518212826,B,Active
563,31.73976467832159,53318.86014087128,A,Active
564,47.012139221639444,46020.576795426176,B,Active
565,30.919246269784487,16625.159224334755,A,Active
566,14.618754648221461,23552.58164022051,A,Active
567,24.91913689082596,36898.98111929215,C,Active
568,16.292080789741444,4616.786332984295,B,Inactive
569,31.484865159586914,12977.174981963812,A,Active
570,35.184183791895514,48740.4558401854,A,Active
571,51.76437312275283,6283.676869036903,A,Active
572,38.269273737641626,29541.694938064382,A,Active
573,32.80899471191136,5672.687074888669,A,Active
574,43.294055811834895,35116.62634816676,A,Active
575,12.88864690992115,21255.23544101807,A,Inactive
576,37.356145581085656,4380.281120592276,B,Active
577,42.708651938869664,70596.74760181218,B,Active
578,20.214137542201584,10566.125160058557,B,Active
579,46.43754043206929,9796.177749185863,A,Inactive
580,38.38496407494414,26918.503652262505,C,Active
581,30.847120860991986,69469.10146289296,C,Active
582,41.32781866106285,7975.88729497061,C,Active
583,57.70692857804396,23427.828569477268,C,Active
584,36.81866255058495,33820.30025116681,C,Active
585,37.48220586300336,44051.100202082154,B,Active
586,30.40639100459756,26276.79620809851,A,Active
587,26.501556305352082,15259.723126265582,B,Active
588,43.303358165442454,9627.797625883319,B,Active
589,26.439161740911327,24008.035914222408,B,Active
590,35.715662372193925,7539.121844815101,B,Active
591,30.223425532348834,1186.3652694570926,A,Active
592,39.78979825746392,34083.19764515161,A,Active
593,38.33662105286948,54389.959135132565,C,Active
594,45.375399442578995,2073.6540351953377,B,Active
595,29.89983601145253,8024.617596128423,B,Inactive
596,32.30125064706629,40911.00026507277,A,Inactive
597,25.212362842176926,172386.69683628713,A,Active
598,30.557067399238882,22489.27274637758,C,Active
599,38.77300493044852,10635.971350993603,B,Active
600,42.56988616645352,18344.838970237222,B,Active
601,25.778346758223748,87105.59690420744,A,Active
602,43.6960592010566,11545.324408515677,B,Active
603,48.55637858804951,9905.129104761718,A,Active
604,39.13434903223701,13592.269320892807,B,Active
605,53.76795812558066,8490.23018770121,A,Active
606,27.26210800896427,24901.176142972206,A,Active
607,22.55345296688583,111823.66148160474,B,Active
608,17.212797510957213,30426.80593739008,C,Active
609,49.96044311489183,17113.903766463773,A,Inactive
610,41.54365656354058,16451.776282851162,C,Inactive
611,34.44415329089545,4613.8096882813,A,Active
612,37.799686263198204,53268.997320804396,A,Active
613,23.745109527016233,20377.014471470604,A,Active
614,59.45751979616826,18389.22338483324,A,Active
615,36.292211819752275,536653.3143258542,B,Active
616,36.09394794604893,29695.56266368813,A,Active
617,42.25766623898692,10385.947296382454,A,Active
618,39.810092317367136,14380.701365932802,C,Active
619,37.23884024279131,69455.7896637535,A,Active
620,27.095255445546883,24668.204114394415,B,Active
621,39.714683571359956,5227.675596659804,A,Active
622,53.82024496475034,55228.19796728356,B,Active
623,48.454200461549775,11292.069164701288,A,Inactive
624,50.93186626639397,143386.31585757772,A,Active
625,29.88784323568815,64864.00106785104,A,Active
626,25.10395179741419,14082.358240246545,A,Inactive
627,33.74213079900352,79301.82028198671,A,Inactive
628,35.557249122886944,23572.958564724275,B,Active
629,45.94191518470949,51677.288766006,C,Inactive
630,18.075353702851807,35765.27813661645,C,Active
631,50.29550319460614,9448.802992543986,B,Active
632,33.419921014210104,11573.232501989673,A,Active
633,30.7311893005258,61695.1633839092,A,Active
634,24.878956247398325,15759.910238885474,A,Active
635,18.451433281342307,14711.010952458204,A,Active
636,43.231705839619146,8475.012614216299,B,Active
637,35.73317967188404,33644.30456406309,B,Active
638,22.10039100258946,173255.89097974254,A,Active
639,22.04921227936384,7573.927875292335,A,Active
640,31.642153007098717,22566.447465071946,C,Active
641,51.69021525289393,90419.98142473491,B,Active
642,32.40408648636395,20340.2835243223,A,Active
643,19.96857046881894,34626.404167789515,C,Inactive
644,32.54256935914056,7612.953412746157,C,Active
645,32.27276430252329,33803.076471896544,A,Active
646,8.031133570584284,18267.078597932832,A,Active
647,34.45705133482188,59025.80473617173,B,Active
648,32.69065469791322,72213.77177985395,C,Active
649,41.96206364813418,293479.6681302695,C,Active
650,53.48956094945345,39325.68604189919,A,Active
651,46.26565029547757,30509.589303732217,A,Active
652,32.31111309445169,26752.529312093076,B,Inactive
653,23.934740912583298,15472.719302205645,B,Active
654,60.733598032498605,30899.14657157957,A,Active
655,35.59218434014488,16392.81798026154,C,Inactive
656,35.13929291912946,26067.926718193503,B,Active
657,34.758749128899964,82256.48706493728,C,Active
658,36.98084760767855,8050.242021315467,C,Active
659,33.556395880760576,68863.29325567555,B,Active
660,29.263379931197637,82216.81049219683,A,Active
661,29.531410587596078,19573.491846435365,B,Active
662,34.672467297840015,2638.9729886222844,A,Active
663,29.565752288662352,11994.194414445934,B,Active
664,27.871542173228356,80579.09652725977,A,Active
665,36.064302276918966,21528.47890202398,B,Active
666,32.450227825791444,8108.739970924385,A,Active
667,50.039929885826886,13296.087244337696,A,Inactive
668,8.490301916069882,51053.02239811089,A,Active
669,45.91506851922462,38052.93776028767,A,Active
670,47.46085192497629,17345.144682645292,B,Active
671,14.266097675918505,15262.827685826596,B,Active
672,31.573124059196513,14886.973547002373,B,Active
673,31.285591340042085,8756.834984465273,A,Active
674,20.924883052821787,110788.2155148252,A,Inactive
675,27.221833124091248,15957.425217879912,A,Inactive
676,23.894241545341714,74396.07922363422,A,Active
677,52.52270443423623,100842.58865860687,C,Active
678,44.35678393147461,59773.09355587862,A,Active
679,47.71555094994159,14305.218607787052,A,Active
680,42.21672064043235,32982.42392854644,A,Active
681,23.709482287827708,21499.917859263485,A,Active
682,29.754797337202262,8922.202742099085,B,Active
683,39.89374561227918,30465.77744744322,B,Active
684,22.778721911080545,6774.766693967499,A,Active
685,42.12998430172388,72234.95785075129,A,Inactive
686,32.59674601841865,13840.892342420388,A,Active
687,31.251791924504026,26934.40260874712,A,Active
688,42.10959968203491,29239.852563005872,A,Active
689,39.4426331148604,17002.148991195576,C,Active
690,31.3903383418092,39604.33264461551,B,Active
691,46.59329803364248,13699.24969293601,B,Active
692,24.189366724001026,52643.46021767287,A,Active
693,41.15935606944264,5733.149557832365,A,Active
694,40.93101257968384,24993.712683141515,B,Active
695,31.904535606860097,153112.61862584518,B,Active
696,38.26133022242118,8100.3996212020675,B,Active
697,22.48886423614697,11184.174080332183,A,Inactive
698,44.24027019206901,36824.1017876362,B,Active
699,33.15097863557011,26359.440997925667,A,Active
700,29.772769794809605,31276.744065802468,C,Active
701,45.49009225836889,35924.94320982059,B,Inactive
702,27.95656309457241,41552.85326492146,B,Active
703,20.915387036364404,66816.13297425979,A,Active
704,19.433708264760963,33183.85219545018,B,Active
705,41.06009951345639,17304.85445365647,A,Active
706,22.19570647503717,43155.86900152026,A,Active
707,52.54794181984364,147249.23921737398,A,Active
708,14.18070592116278,19290.46581509766,B,Inactive
709,51.96456368290038,8312.126032073538,A,Active
710,37.11017467202618,66641.35896647425,A,Active
711,34.032868881296075,19528.277767732066,C,Active
712,29.550809131910505,2508.224607057627,A,Active
713,38.991361143520706,51401.45082182343,B,Inactive
714,34.62365297575152,12895.99160857125,A,Active
715,46.03301882016521,20119.94152094611,A,Active
716,36.142276486620396,30698.845609411776,B,Active
717,36.50301761461878,26648.807444115784,A,Active
718,31.36387787786144,44777.08612525453,A,Active
719,34.43054376278933,14250.02057321522,B,Active
720,38.07801768892059,36794.5788032528,B,Inactive
721,17.898316073433744,16991.242146079,B,Inactive
722,21.51814577894287,46111.169165538566,A,Active
723,42.43264094022715,40756.37238596697,A,Inactive
724,36.708654381279416,8643.486391620025,B,Active
725,33.16016663647321,65250.05161212391,B,Active
726,35.184339330653934,12887.80191333788,C,Active
727,38.47581705361671,49417.39656063572,C,Active
728,29.602403196906387,31802.09074805871,C,Active
729,27.216952745976872,138438.80652025077,A,Active
730,36.958452550976816,17615.491938381354,A,Active
731,25.21627222384968,15532.396273440812,B,Active
732,39.082527557144715,21602.847077123137,A,Active
733,17.974163957621595,16265.80315719989,A,Active
734,45.29155637325644,49017.95320576698,C,Active
735,39.72597482413043,4375.120720041666,C,Active
736,37.56029734313876,7679.560368771141,A,Active
737,44.82690983945514,7571.8831353473815,A,Active
738,51.65474444462576,56971.566668006926,A,Inactive
739,45.1437006501813,121858.20242952071,C,Active
740,16.591257686683548,19841.892838661068,C,Active
741,22.204230332642986,18604.862993828963,A,Inactive
742,28.751814223043212,23624.797079869477,A,Active
743,35.26091050210834,70395.0553101872,C,Active
744,40.17659020469123,8713.657190419846,A,Active
745,27.742561868465344,27955.49283069989,B,Inactive
746,36.86766764477078,58407.385787417996,C,Active
747,27.446170676466775,36355.25975215649,A,Active
748,28.884821970080516,26624.353382106397,B,Active
749,20.933389031517777,59936.80838166226,A,Active
750,25.767667538890958,1475.522889045052,A,Active
751,21.483153943836662,43385.272515200275,C,Active
752,25.241267470226674,11452.053259419989,A,Active
753,45.536417966078396,3531.1084288414827,C,Inactive
754,25.50601111168057,36724.618006271296,B,Active
755,61.32382064837391,86999.57783580685,A,Active
756,39.93317900880889,19197.80993015945,A,Inactive
757,36.84836123694874,57117.99798990791,A,Active
758,26.416422198187867,110445.58751569707,A,Active
759,42.003098794089915,82036.08197783012,A,Active
760,29.243621737622263,113546.13730337091,A,Inactive
761,36.220098146453616,46264.374334356704,A,Active
762,60.60084538268795,23752.27605822659,B,Active
763,34.0394010027535,4438.333238010846,B,Inactive
764,46.49273326285676,17221.90694313669,B,Active
765,27.968235748741126,9478.235077752377,A,Inactive
766,34.65011509503038,193095.99303915555,A,Inactive
767,52.7080063563551,18473.899694121,B,Active
768,28.730329422122324,24914.489149795892,A,Active
769,53.12448557996929,38234.18830105949,A,Active
770,42.07751935455475,23008.11931638484,C,Active
771,29.375332241057322,119976.48454435887,B,Active
772,41.32407739055521,11817.663976018854,B,Active
773,44.7255444962673,26758.499903075655,A,Inactive
774,41.21809962217196,10483.201672314915,B,Active
775,19.297752801095434,5883.914135755576,B,Active
776,27.728628241751316,11946.945393702974,B,Inactive
777,32.52481364448495,21225.598378796192,B,Inactive
778,34.25566570899954,14338.41783074854,C,Active
779,41.206720975506784,11021.233619402816,B,Inactive
780,36.777010009332535,5397.453441037667,A,Active
781,21.64655641289899,20269.94299932516,B,Inactive
782,38.801978510059634,4891.623962313535,B,Active
783,41.10585745283823,47101.303919616454,B,Active
784,40.5979044793104,23919.271524381813,A,Active
785,45.807807255546216,5127.884631218235,A,Active
786,43.33922154548904,16168.026901418842,C,Active
787,39.59180079228437,10382.153426560593,B,Active
788,34.29834288541353,30308.228140325475,C,Active
789,18.390390664840087,84157.93120865086,B,Inactive
790,39.296182191325855,3377.285402223758,B,Active
791,37.076876871631114,24711.551346567656,B,Active
792,37.715788371953735,18767.223650338172,C,Active
793,22.232514241796906,43102.663677764096,B,Active
794,24.189434595917376,27260.570366597003,B,Inactive
795,45.53152853332904,10384.095837673207,A,Inactive
796,34.60444846143345,16009.635910205387,A,Active
797,41.81500697372624,9936.539927204449,B,Active
798,35.28318376130461,64602.41923958121,A,Active
799,35.297561394957455,22500.923879754526,A,Active
800,44.382838059759976,147442.07794691029,A,Inactive
801,29.839552717826262,20730.041061103286,A,Active
802,35.96120776940983,10846.451264685338,A,Active
803,30.377247112949576,4847.825861212713,A,Active
804,30.655037725676845,3629.53682879289,C,Active
805,31.908278765313607,4518.177831828627,B,Inactive
806,37.22133771633713,28771.09887576902,A,Active
807,30.212513783365225,36633.742585134554,A,Active
808,47.55756125573521,4531.504569897842,B,Active
809,26.053926977804963,53908.22345920749,A,Active
810,33.13128355838641,13587.954059540003,C,Active
811,30.60268941725825,25509.163307397124,B,Active
812,49.46977884353733,110439.22274935484,B,Active
813,36.965547765115744,54005.39974718918,A,Active
814,45.31844539468635,16839.27697829763,B,Active
815,20.14439626963028,9034.517286925422,A,Active
816,37.67050265869259,2561.0807047102617,C,Active
817,43.89630795623437,10730.513390556855,B,Active
818,35.82283989275424,17834.13793720483,A,Active
819,45.654803750653514,8207.638079816694,A,Active
820,29.827115498996278,19317.04282006843,A,Active
821,49.0934744018558,23785.986481744,B,Active
822,57.9889812361925,17591.023424068346,A,Active
823,31.37161439560341,11498.793768754816,B,Active
824,30.54497478599228,26072.976452471605,A,Active
825,49.53384477117701,34267.08836289066,B,Active
826,50.795721457307124,7402.706255632261,C,Active
827,29.771399728467316,90303.5795937575,B,Active
828,30.798131829041427,19958.529358472344,B,Active
829,32.18215391139493,22445.594165817507,A,Inactive
830,21.55549488965723,44721.71349874771,A,Active
831,25.813480535158018,27811.81282711007,B,Active
832,24.95859233247932,57132.969819973485,A,Active
833,27.322024348958713,29352.240662927776,A,Active
834,34.65315112613219,11938.964111589165,A,Active
835,37.342147325365204,31618.685092017015,A,Active
836,50.50500492814077,7018.282385691973,A,Inactive
837,25.01645959261209,24552.272761393215,C,Active
838,44.843223984765835,21306.554116276213,A,Inactive
839,32.86011155774491,17887.960052073497,B,Active
840,34.50536290347567,19369.64615517175,A,Active
841,41.74819492166604,3354.8118068774106,B,Active
842,23.772779784377015,12724.37968206312,A,Active
843,38.82409746184051,24169.454427468987,C,Active
844,36.66452208213056,25844.585303948912,C,Active
845,39.92451264008149,7881.904638773969,A,Active
846,37.89168643907818,78097.0716982824,C,Inactive
847,59.55300139910894,9263.38815128123,C,Inactive
848,28.62260015748684,58073.06281803755,C,Active
849,29.690030449981823,33765.48351362741,C,Active
850,28.768594735752355,11542.286878651108,A,Active
851,29.445228808397452,130002.75124144551,B,Active
852,28.626128726934823,6676.5934123628185,A,Active
853,46.89016531107552,55224.06920823411,A,Active
854,49.20504247989855,59909.01766168735,C,Active
855,29.29253706250524,11264.143194797763,A,Active
856,26.676444268957713,88651.2400946926,B,Inactive
857,39.71415556386404,17153.4309057748,C,Active
858,29.477769557190285,29398.344119654048,C,Inactive
859,41.32931817755511,28575.981571200522,C,Active
860,37.029230208513,19258.18142525795,A,Active
861,19.84255885002768,49553.50496400923,A,Active
862,50.47505201330061,48702.64991124276,A,Active
863,52.95877673095522,3833.249005062152,A,Active
864,28.872113095156138,81173.185426791,A,Active
865,31.12298440064016,4177.6660651700795,A,Active
866,37.85865390724905,61854.8756124865,B,Active
867,38.34456789987025,67962.07696013182,B,Active
868,41.5854427267283,7398.5075009154125,A,Active
869,55.102045387663495,14605.971224241795,B,Active
870,33.2305277250595,7290.266137325658,A,Active
871,27.017027554615463,17766.660416806386,A,Active
872,21.20680771985473,16187.032145476313,B,Active
873,27.69069960058081,48033.81553997753,B,Inactive
874,34.66873027126203,81659.11654533067,B,Active
875,52.94557863517788,88937.02471551218,A,Active
876,29.823887009638284,12554.468957706946,C,Active
877,37.237879516388986,17868.204478692904,B,Active
878,34.83577103927248,4091.0699151723384,B,Active
879,46.88393273448084,9839.20243594625,B,Active
880,60.26932425873622,57806.21836813316,C,Active
881,29.691312270796793,110811.16590660877,B,Active
882,30.10560557481778,6410.2344705846035,B,Active
883,45.44160877069072,12179.819732257612,C,Active
884,41.81891489626312,21452.452275959145,B,Active
885,53.46707325736034,29148.5707242853,A,Inactive
886,40.839281853259635,9802.536719369851,B,Active
887,31.407079092129404,33659.851112700664,A,Active
888,40.90654830692309,13713.837696933018,A,Active
889,46.087035805829075,21710.422616387492,B,Active
890,43.204821811973645,38035.8436474236,C,Inactive
891,40.07274031107298,22168.380921960514,C,Active
892,45.666746895891535,14237.208158701058,A,Inactive
893,46.692955904456724,19739.76081358048,B,Inactive
894,48.82158991037527,20163.655714579214,A,Active
895,41.48709887589643,15214.268294570995,C,Active
896,33.328819196831454,17004.00081371313,C,Active
897,36.46713686433323,108950.30834331246,B,Inactive
898,47.06508966508357,38596.59919986921,C,Active
899,26.83064329012764,16391.524508614646,B,Active
900,38.686733088729014,44220.97064404381,B,Active
901,31.066611876726395,15774.981430226368,A,Active
902,35.28744822934817,71191.2102038885,A,Active
903,47.78451862607299,31877.06906502909,B,Active
904,36.910990680199035,19785.366068943546,B,Inactive
905,35.46436548156149,34465.597300531714,A,Inactive
906,21.401438590200808,4578.486884373116,C,Inactive
907,42.46253566027221,7138.318554920191,A,Active
908,41.45484181141075,6674.669664643559,B,Active
909,56.6325472330546,25411.143944550833,B,Active
910,31.922217650469992,124556.5364053979,B,Active
911,37.19150327663939,205109.6813857953,B,Active
912,37.49383683710755,41691.43960414801,A,Active
913,50.77453279763475,36346.18315897747,A,Active
914,34.047044676130476,3637.1011858763427,B,Inactive
915,37.790215257703395,12801.60970579427,B,Active
916,41.078965097165394,10018.776366718677,A,Active
917,36.86609123156358,11838.975805101403,B,Active
918,30.535663854494718,18617.479592073836,A,Active
919,36.94089992898308,13737.84101831394,B,Active
920,45.73631749859772,3043.307479423554,C,Inactive
921,24.7348470058894,46532.6853832921,A,Inactive
922,36.32969674146876,7534.569486508172,A,Inactive
923,27.998791850608267,27980.045212685684,B,Inactive
924,46.950466289248425,175269.95595163145,B,Active
925,19.768130952162252,8783.369723744014,B,Active
926,29.410781527284115,1754.1022687613117,C,Active
927,38.772118750645205,16547.590450980617,C,Active
928,50.65524029234341,66234.6908078073,C,Active
929,34.34249738927012,156114.88448822434,B,Active
930,29.448004733068018,6441.072906096073,A,Active
931,53.8115706944059,36195.83092039088,A,Active
932,20.51986099583756,13831.301720957706,A,Active
933,13.011940433799182,19812.169432705512,B,Active
934,39.40014450053332,310004.88891081914,A,Active
935,29.979457756473888,4900.192022542445,C,Active
936,24.78767182869287,28388.507066717862,B,Active
937,42.08356447299353,35161.01332461771,B,Active
938,37.43800713771199,65237.27747446319,A,Active
939,29.359213692632714,24293.96278673875,A,Active
940,22.196956013291057,29972.948569462544,A,Active
941,43.724573282801444,14888.604975096418,A,Active
942,41.50201177958661,28828.707021157825,A,Active
943,34.00824136220617,15627.816658499638,B,Active
944,53.466369960476655,41010.02753699175,C,Active
945,24.299152336738473,15220.365779664586,C,Active
946,19.74474829075261,32115.703461417917,B,Active
947,28.080919301187556,21391.248875319987,A,Active
948,34.54413983644502,67917.58411409598,C,Active
949,37.43339449322692,20923.041115247353,C,Active
950,32.5876394214367,3740.473668770583,A,Active
951,38.520553965142966,77801.92872850323,B,Active
952,22.48460575809556,8904.105122865081,A,Active
953,49.437646040732595,11455.596436867398,C,Active
954,34.178488216074314,12140.942602496241,C,Active
955,46.172958315881274,87067.42462487212,A,Active
956,38.42725346377704,2602.755019841422,C,Active
957,39.567532191537836,507752.0585330392,B,Active
958,40.69767280232204,63326.35100238403,C,Active
959,39.47708560017315,27535.708000933217,A,Active
960,41.42722759867544,20849.932699577188,C,Active
961,48.29152530132431,29306.191153688196,A,Inactive
962,36.9652116970147,37090.73282759116,A,Active
963,42.09003757588512,41991.20984472273,A,Active
964,34.102643057127736,38392.00316601049,C,Active
965,49.40117215449473,24090.68863806268,C,Active
966,28.2360769794073,18081.807109401765,C,Active
967,53.00940432910816,18934.230800384677,C,Active
968,34.59842049355657,18125.801866367656,A,Active
969,20.69224897881952,68443.92643746888,A,Inactive
970,36.28104414910789,39877.06885614238,A,Active
971,28.18948342525119,1163.992709942436,A,Active
972,43.406435489887244,42442.299622850725,A,Inactive
973,28.473760206976092,26761.94500023501,A,Active
974,30.538165667852205,21618.2089082376,A,Inactive
975,16.104592690544692,14935.28102350051,A,Active
976,30.476936807509233,67786.11910383294,A,Inactive
977,10.761206733710434,56813.34146770328,A,Active
978,19.16097176514277,10169.235683392777,C,Active
979,42.604146561442974,33092.18024647507,B,Inactive
980,42.85800158650832,8336.037524301415,C,Active
981,39.254575617849646,5543.502694134248,A,Active
982,25.33023856870787,11769.688983692029,A,Active
983,34.5228864385802,52176.81261380447,B,Active
984,34.963974609094315,57132.30773626611,A,Active
985,23.416353108074574,36793.8290080666,A,Active
986,50.0339830176715,45483.085421625496,A,Active
987,43.77362290575671,36907.803591519194,A,Active
988,32.79035826170336,11597.193460684166,A,Active
989,35.26885838994531,33925.51091335892,A,Active
990,37.08382807947552,49040.88050235108,B,Active
991,14.582651315757094,46830.56325758057,A,Active
992,32.52822617479403,72324.1495809117,A,Active
993,28.180157520022014,44725.71286959098,C,Active
994,24.983799901050844,31302.342298354695,A,Active
995,32.18899707114045,64225.15518951761,A,Active
996,52.976865268495224,21449.974611682985,C,Active
997,41.4084286126701,9119.090468576098,A,Inactive
998,29.28821010217203,18712.238163963677,A,Active
999,40.72582781356159,10457.736884688717,A,Active
